water pH 1,ground water level 1,ground water level 2,soil moisture 1,soil moisture 2,soil moisture 3,motor monitor 1,motor monitor 2,salinity I,salinity E,air RH I,air RH E,wall temp I C,wall temp E C,wall mc1 I,wall mc2 I,wall mc3 I,wall mc1 E,wall mc2 E,wall mc3 E,rain intensity,rain duration,wind speed,wind direction (radians),crack1A,crack1B,crack2A,crack2b,crack3
6.91,4.99,2.95,32.94,43.49,37.12,23,2,19.8675575,7.76654447,41.9891642,29.752228,10.01989778,-0.620172,0.008373926,0.010027494,0.0004,0.015041011,0.015867795,0.021708096,0.55,13.8891699,3.97848343,1.75229535,-0.001240344,-0.000620172,-0.000310086,-0.000930258,-5.98464E-05
5.65,5.96,6.95,43.91,57.88,45.92,52,62,6.70503109,15.3215563,23.2299431,4.76025644,6.556539889,-4.045083,0.001788897,0.00825154,0.0014,0.000894623,0.004125945,3.49242E-07,0,0,8.52910997,0.12338385,-0.008090166,-0.004045083,-0.002022541,-0.006067624,-0.000404508
6.04,5.57,4.91,50.01,56.7,47.12,99,29,16.8661636,21.3819543,22.5029129,27.4748291,-5.067845944,-6.924689,0.010803721,0.006688093,0.0002,0.018090482,0.016032668,0.025377243,3.73,14.5580995,7.11110008,1.10135057,-0.013849378,-0.006924689,-0.003462345,-0.010387034,-0.000689931
8.22,3.23,2.22,18.22,20.69,20.49,33,71,7.3357641,19.1087672,25.2382244,30.8726803,-1.409163611,3.809171,0.003105562,0.002236445,0.0009,0.001862882,0.001428323,0.000620202,0,0,2.80254635,3.84605811,0.007618341,0.003809171,0.001904585,0.005713756,0.000380979
8.99,4.76,6.16,36.36,41.99,37.4,76,50,14.9491432,25.2755139,9.19637032,22.9018889,-1.264564222,-12.570529,0.007931629,0.007153665,0.0023,0.004100022,0.00371104,0.000268415,0,0,3.58799538,2.54369536,-0.025141059,-0.012570529,-0.006285265,-0.018855794,-0.001257026
5.92,3.34,7.79,30.28,43.17,32.53,100,39,2.48415581,14.8100193,32.6019378,18.5886151,-11.16709989,-3.032138,0.009525379,0.003377631,0.0025,0.022660938,0.019587064,0.035796496,2.79,14.6705153,10.2945858,4.07883828,-0.006064275,-0.003032138,-0.001516069,-0.004548207,-0.000299634
7,6.36,4.48,55.55,68.34,52.75,1,31,9.94841903,13.8241281,47.0970763,25.7611282,0.530216056,-4.458059,0.014956554,0.013772073,0.0026,0.011788804,0.011196564,0.008621055,3.06,2.5395848,14.6361637,6.0579476,-0.008916118,-0.004458059,-0.00222903,-0.006687089,-0.000444944
6.93,3.73,2.47,43.53,54.78,43.04,15,29,19.3751177,27.2490483,39.752435,42.7061678,-10.72471928,-3.673136,0.016290814,0.010754008,0.0024,0.008249925,0.005481522,0.000209036,0,0,3.45678956,2.10289781,-0.007346272,-0.003673136,-0.001836568,-0.005509704,-0.000367293
6.99,5.07,6.74,41.36,49.85,36.47,18,99,28.5527245,18.2381378,22.0836456,20.890334,2.457600278,-3.564968,0.01196933,0.010593716,0.0012,0.035806655,0.035118848,0.05964398,1.83,21.0195945,14.1856783,3.67111812,-0.007129937,-0.003564968,-0.001782484,-0.005347453,-0.000350532
8.21,3.59,6.74,26.49,29.8,21.49,2,100,13.133256,10.956132,33.0093183,12.3260099,-4.183682611,-4.815185,0.003229895,0.002985989,0.0006,0.002119141,0.001997188,0.001008387,0,0,3.2115027,5.81151156,-0.00963037,-0.004815185,-0.002407593,-0.007222778,-0.000481418
6.04,5.91,6.63,34.66,41.13,32.1,12,60,27.7920677,8.62724642,27.9358668,35.8594957,-0.773860833,5.055982,0.007498645,0.005333387,0.0015,0.004464885,0.003382256,0.001431126,0.08,2.24182467,0.83716489,4.11200403,0.010111964,0.005055982,0.002527991,0.007583973,0.000505741
6.66,4.62,5.97,29.42,42.27,33.88,13,66,22.2213155,29.7010194,23.058447,41.301864,3.888330222,0.374593,0.008531375,0.006325175,0.0026,0.010240632,0.009137532,0.011949889,3.21,14.6442377,4.31057262,2.47638877,0.000749186,0.000374593,0.000187297,0.00056189,3.86543E-05
6.91,6.13,7.01,47.93,65.62,50.54,4,92,8.6740248,6.60508946,43.7680503,34.9550178,-4.211368944,-0.299096,0.006606101,0.017164284,0.002,0.007016381,0.012295472,0.007426661,3.34,5.42897005,0.96822645,4.52950549,-0.000598191,-0.000299096,-0.000149548,-0.000448643,-2.91669E-05
6.47,7.72,4.56,64.89,76.09,56.75,11,33,6.97184688,23.1771802,18.1605495,32.0571462,0.450482278,-8.597943,0.025130828,0.027702393,0.0011,0.013244651,0.014530434,0.001358474,0,0,9.09298766,4.50766788,-0.017195886,-0.008597943,-0.004298971,-0.012896914,-0.000859658
6.15,8.71,4.13,57.16,73.36,58.58,64,82,26.3670334,25.9461259,38.0388894,17.5410632,-0.392279056,6.593972,0.014687833,0.019292269,0.0003,0.007995382,0.010297601,0.001302932,0,0,10.8373826,4.50787512,0.013187944,0.006593972,0.003296986,0.009890958,0.000659527
5.41,5.88,7.59,50.55,60.59,46.96,35,13,11.1314627,18.285991,11.4300642,76.3932783,1.444090556,8.989221,0.011647953,0.025610828,0.0022,0.005842766,0.012824204,3.75788E-05,0,0,6.22919728,0.98455836,0.017978443,0.008989221,0.004494611,0.013483832,0.000898926
6.76,4.07,3.16,27.27,34.46,23.12,50,81,24.5160562,15.3269207,18.7719673,31.7302213,-7.160405778,0.912505,0.003568753,0.006646142,0.0007,0.00297982,0.004518514,0.002390887,2.73,2.76020644,1.12820577,0.03293664,0.001825009,0.000912505,0.000456252,0.001368757,9.14895E-05
6.7,5,7.87,37.88,51.57,40.77,2,4,11.285538,21.7908729,46.1379758,36.5739341,0.769528556,-3.723306,0.009995645,0.009624408,0.0019,0.024797872,0.024612254,0.0396001,1.28,18.7068826,12.8998786,2.76264815,-0.007446611,-0.003723306,-0.001861653,-0.005584959,-0.000368371
5.34,5.07,7.87,36.96,49.1,37.08,73,87,4.53229929,12.4230444,47.6117823,18.6698531,-5.336607722,1.790172,0.007061875,0.008716712,0.0007,0.003886767,0.004714185,0.000711659,0,0,7.20403862,3.32721002,0.003580344,0.001790172,0.000895086,0.002685258,0.000179088
6.21,6.76,6.28,42.12,54.1,46.81,100,68,23.8207155,28.8947642,7.08798529,17.1159946,0.6684395,-10.335563,0.005946872,0.018187919,0.0011,0.00327893,0.009399454,0.000610988,0,0,8.84359271,4.03481165,-0.020671126,-0.010335563,-0.005167782,-0.015503345,-0.001033495
7.55,6.09,2.65,53.66,72.56,57.59,2,65,1.50750411,7.93741098,41.8760449,17.3166914,9.795823833,5.012812,0.016452003,0.027522217,0.0009,0.025077339,0.030612445,0.033702674,2.8,19.2822245,0.90867672,2.39060535,0.010025624,0.005012812,0.002506406,0.007519218,0.000504651
8.87,6.37,2.23,44.25,55.51,45.72,32,84,11.5983199,18.2288386,29.8674723,42.4997811,-5.754153222,1.978160,0.016214012,0.014071666,0.0008,0.010156834,0.009085661,0.004099657,1.11,2.83586796,13.8460643,4.3099692,0.003956321,0.00197816,0.00098908,0.002967241,0.000198226
6.57,5.03,5.26,27.54,32.83,29,11,20,24.4816987,26.668469,39.9911034,24.3934095,-8.495096833,3.253267,0.003814414,0.004039825,0.0028,0.027882003,0.027994709,0.051949592,3.78,19.0288995,0.21821684,6.00625849,0.006506534,0.003253267,0.001626633,0.0048799,0.000330522
6.07,4.8,6.88,38.81,51.8,42,4,20,17.2657462,10.733314,37.7123086,37.2823888,-7.833851667,1.604359,0.014065788,0.006276733,0.0005,0.010562168,0.006667641,0.007058548,2.07,1.10742515,5.92420757,5.91578884,0.003208718,0.001604359,0.000802179,0.002406538,0.000161142
8.3,4.68,6.78,51.26,56.7,48.07,86,53,2.2149927,17.577954,31.2363612,31.1472421,-8.053390611,-1.144128,0.010138967,0.002502059,0.0008,0.005198584,0.00138013,0.000258201,0,0,13.7116645,1.91828045,-0.002288257,-0.001144128,-0.000572064,-0.001716192,-0.000114387
8.97,6.1,2.15,43.99,50.1,39.32,81,95,19.9560607,30.130074,22.9231289,33.2055488,-2.447942556,5.989942,0.006754795,0.009114799,0.003,0.004123613,0.005303615,0.001492431,1.07,1.09127673,13.7915903,4.90587633,0.011979884,0.005989942,0.002994971,0.008984913,0.000599143
7.84,5.88,2.46,47.93,58.56,45.81,4,2,29.4086357,28.8520331,44.2363104,39.5424511,4.666240611,-3.204293,0.016481377,0.016217952,0.0025,0.031589528,0.031457815,0.046697679,2.36,20.6529192,7.47992397,6.15844037,-0.006408586,-0.003204293,-0.001602147,-0.00480644,-0.00031576
5,6.31,4.95,47.34,58.1,42.15,6,70,14.9500912,2.56684775,5.15578815,44.6901931,-6.513806167,-1.438674,0.011175397,0.004454054,0.0014,0.012296772,0.0089361,0.013418147,0.03,9.34296458,7.85657738,4.4479867,-0.002877348,-0.001438674,-0.000719337,-0.002158011,-0.000142526
7.02,2.83,6.42,28.25,43.28,31.77,50,43,23.3072107,2.00545501,24.5299544,32.0635821,11.88367189,-3.506223,0.004089946,0.005309289,0.0024,0.002966533,0.003576204,0.00184312,1.27,4.24275489,12.7888652,1.5408754,-0.007012446,-0.003506223,-0.001753112,-0.005259335,-0.000350438
9,2.6,3.7,35.32,42.1,31.89,64,34,19.5974072,15.6217419,16.068932,13.5350787,13.99040556,0.138190,0.006345736,0.005261515,0.0013,0.003658321,0.00311621,0.000970906,0,0,3.681957,3.19387139,0.000276381,0.00013819,6.90951E-05,0.000207285,1.39161E-05
7.12,3.12,7.49,23.46,30.54,24.56,71,37,26.402169,26.2050452,21.4120939,39.838237,-1.100851111,0.833416,0.003448063,0.004782143,0.0025,0.003648421,0.004315461,0.003848779,2.68,0.25909266,11.3040044,4.17531576,0.001666833,0.000833416,0.000416708,0.001250125,8.37265E-05
5.02,4.53,2.33,37.16,47.49,32.03,65,10,19.1023716,3.15779736,34.3069299,4.81781701,-2.158660556,0.642594,0.003249558,0.008150999,0.0003,0.011637133,0.014087853,0.020024707,1.82,11.8812183,8.98820662,4.72469792,0.001285187,0.000642594,0.000321297,0.00096389,6.62618E-05
5.74,5.62,4.79,46.17,61.32,51.02,50,90,5.50810191,29.2460445,30.8085509,19.4070653,4.3089175,7.776420,0.012914264,0.010184483,0.0011,0.011809533,0.010444642,0.010704801,3.49,13.0906336,14.0555672,2.58738765,0.015552841,0.00777642,0.00388821,0.011664631,0.000778713
6.94,6.51,2.7,45.68,53.85,46.15,17,12,4.51348725,27.6942513,27.2817652,36.3106171,-6.016763278,-4.617470,0.008256349,0.016726724,0.0028,0.004745558,0.008980746,0.001234768,0,0,1.22711747,4.17630153,-0.00923494,-0.00461747,-0.002308735,-0.006926205,-0.000461624
6.4,4.83,7.3,33.85,39.93,31.71,61,14,9.16655235,12.6397432,31.72081,22.866893,2.955872444,10.604499,0.006673314,0.007569926,0.0015,0.003506618,0.003954924,0.000339922,0,0,3.10804925,4.33596349,0.021208998,0.010604499,0.005302249,0.015906748,0.001060484
6.11,6.78,7.11,37.5,51.42,35.67,85,100,4.90622512,6.18505229,24.9344462,45.8147488,-11.479468,-3.372629,0.010545123,0.005112815,0.0007,0.006324847,0.003608693,0.00210457,1.02,3.42479536,14.797819,4.36268743,-0.006745258,-0.003372629,-0.001686315,-0.005058944,-0.000337052
5.48,3.01,2.93,28.79,38.35,29.77,50,45,24.0024496,24.2294645,33.2615082,30.4013582,-4.409153722,2.364288,0.006038647,0.009087767,0.003,0.003026441,0.004551001,1.42344E-05,0,0,2.96238286,0.73679496,0.004728575,0.002364288,0.001182144,0.003546432,0.00023643
6.81,7.92,5.03,48.32,59.47,44.21,91,9,11.4196251,28.2409426,21.6786012,42.3810441,5.144857111,-1.136562,0.008044415,0.002834319,0.0003,0.004082967,0.001477919,0.000121519,0,0,11.6811691,1.41294849,-0.002273124,-0.001136562,-0.000568281,-0.001704843,-0.000113644
7.64,5.56,2.49,51.89,66.51,52.15,2,89,7.99701669,25.0529673,29.1172232,30.6219044,1.932824556,-10.478745,0.017547627,0.0106565,0.0018,0.016690151,0.013244587,0.015832674,3.7,20.2325981,1.14042722,2.54482088,-0.020957491,-0.010478745,-0.005239373,-0.015718118,-0.001046291
6.28,4.75,3.04,35.94,48.1,35.93,8,52,10.8329603,29.8293706,19.9675249,14.3212773,-0.408126278,3.593735,0.001817663,0.005028753,0.0028,0.003772013,0.005377559,0.005726364,0.89,13.5380741,3.77144169,4.3275127,0.00718747,0.003593735,0.001796867,0.005390602,0.000359946
5.26,5.77,4.18,44.65,62.31,49.3,66,60,18.9828304,10.5872434,25.082701,30.61452,9.275157056,-2.659640,0.017519951,0.011535158,0.0007,0.00884753,0.005855134,0.000175109,0,0,12.2934201,5.42128334,-0.00531928,-0.00265964,-0.00132982,-0.00398946,-0.000265946
7.62,3.29,6.34,21.55,32.41,30.28,11,100,17.4425879,16.8909305,22.2073258,44.9345187,-1.643516056,-7.781667,0.00248774,0.00548128,0.0005,0.001388661,0.002885431,0.000289583,0,0,0.2304312,1.91215222,-0.015563334,-0.007781667,-0.003890833,-0.0116725,-0.000778138
8.83,3.36,6.15,34.65,41.61,31.01,22,5,23.4535131,24.2251095,28.5494036,31.2619348,-8.302863556,-10.885377,0.002162865,0.005173718,0.0017,0.001147324,0.002652751,0.000131783,0,0,8.95491384,5.06435162,-0.021770754,-0.010885377,-0.005442688,-0.016328065,-0.001088524
7.5,4.46,3.17,45.01,58.86,48.62,3,66,24.2782188,21.3004683,27.9035039,48.1765368,-4.730122556,-6.529303,0.012583379,0.013770912,0.0003,0.008938013,0.00953178,0.005292647,0.58,7.27013732,7.19816426,3.82108383,-0.013058606,-0.006529303,-0.003264651,-0.009793954,-0.000652401
7.1,6.7,7.63,52.68,68.4,52.96,54,65,26.4484638,4.39461007,33.7994138,52.2365244,-5.184086722,0.401712,0.002288512,0.017519689,0.001,0.001212512,0.0088281,0.000136511,0,0,3.13663265,1.43681972,0.000803424,0.000401712,0.000200856,0.000602568,4.01848E-05
8.38,6.14,5.6,38.16,49.84,40.66,91,44,11.3476605,20.4484259,38.3405406,22.0841825,-0.418898278,-8.551223,0.012436695,0.005035025,0.0021,0.0275412,0.023840365,0.042645705,0.59,21.0471708,9.40245675,1.55201547,-0.017102446,-0.008551223,-0.004275611,-0.012826834,-0.000850858
7.95,7.03,5.14,47.28,59.2,45.87,89,37,18.7593344,23.3859936,28.9404591,39.1476484,2.262333111,-0.799958,0.012971238,0.008816784,0.003,0.016581023,0.014503796,0.020190808,1.06,17.8827612,6.53673849,3.45210948,-0.001599916,-0.000799958,-0.000399979,-0.001199937,-7.79767E-05
5.76,3.97,5.35,31.83,40.62,30.9,66,30,9.01313854,15.3318857,13.9898151,26.9910301,3.319722333,6.896781,0.009326461,0.006281585,0.001,0.004773434,0.003250996,0.000220407,0,0,13.0423956,3.46110376,0.013793563,0.006896781,0.003448391,0.010345172,0.0006897
6.01,5.48,2.84,30.34,38.38,31.83,58,63,23.9643288,29.2679152,38.3024805,24.4444145,-4.812335944,1.188167,0.004533095,0.003317091,0.001,0.003515128,0.002907126,0.002497162,1.8,0.30637,11.0053128,5.06268246,0.002376334,0.001188167,0.000594083,0.00178225,0.000119066
7.1,6.4,5.55,58.08,66.83,57.82,74,75,12.7401466,17.0965476,19.9170511,42.7858681,-6.481368444,-10.113456,0.007218144,0.014692765,0.0015,0.003711622,0.007448932,0.000205099,0,0,12.983793,4.93636084,-0.020226912,-0.010113456,-0.005056728,-0.015170184,-0.001011325
9,8.97,6.41,64.39,80.16,61.89,71,89,16.546648,25.8264504,25.2356701,36.0811653,-1.539360222,1.935475,0.030111122,0.014835021,0.0016,0.015055928,0.007417878,7.34327E-07,0,0,3.08940536,1.04223941,0.00387095,0.001935475,0.000967737,0.002903212,0.000193548
6.04,5.12,7.37,40.28,52.38,35.6,55,47,2.3609318,21.2684142,13.6598747,15.3857136,-2.105011111,5.378013,0.011038299,0.008227327,0.0017,0.011394537,0.009989051,0.011750775,2.55,14.0560342,12.7529621,0.0830561,0.010756026,0.005378013,0.002689007,0.00806702,0.000538976
5.01,5.84,7.62,43.35,59.85,44.1,33,87,20.6225516,21.3597021,19.8778119,43.5808306,4.797829056,-4.246019,0.012617705,0.012933244,0.001,0.011318132,0.011475902,0.010018559,1.48,11.7692784,4.67428261,4.57218069,-0.008492039,-0.004246019,-0.00212301,-0.006369029,-0.0004236
6.82,4.38,2.79,19.16,26.64,19.05,33,73,5.66179446,17.6572385,22.3399294,30.2887022,-1.444760389,3.004746,0.003342718,0.002092714,0.0015,0.002791271,0.002166269,0.002239824,3.56,1.39301048,9.10759469,2.28086303,0.006009493,0.003004746,0.001502373,0.00450712,0.000300699
7.97,2.61,4.08,23.24,30.06,26.4,80,85,29.4591598,21.063002,29.1314998,31.5447598,-7.151736833,-9.593266,0.006119665,0.002372219,0.001,0.006224885,0.004351162,0.006330105,0.32,7.53149275,2.15439049,0.53786022,-0.019186532,-0.009593266,-0.004796633,-0.014389899,-0.000958694
7.32,4.09,3.82,20.06,28.02,19.48,57,11,12.3556676,21.5385046,24.1417853,30.1705216,6.561591667,-0.385593,0.002187403,0.001063403,0.0021,0.001102023,0.000540023,1.66417E-05,0,0,12.5945375,0.45267136,-0.000771186,-0.000385593,-0.000192797,-0.00057839,-3.85576E-05
7.08,3.25,7.97,31.05,39.98,28.32,17,82,21.9969473,1.77105343,19.8074825,39.5746372,2.210074167,-13.949093,0.006381814,0.008437275,0.0006,0.005717068,0.006744798,0.005052321,2.01,2.89078077,2.38935098,3.36091318,-0.027898185,-0.013949093,-0.006974546,-0.020923639,-0.001394404
5.55,3.8,7.62,37.71,50.76,41.4,85,95,14.8059564,22.4607575,42.9841847,32.3230268,1.710005833,-4.652093,0.009571809,0.009815107,0.0026,0.005153874,0.005275523,0.000735939,0,0,1.02195665,3.88123659,-0.009304186,-0.004652093,-0.002326047,-0.00697814,-0.000465136
8.86,5.7,4.22,36.43,50.14,40.01,4,72,4.04498726,9.13647793,23.7835428,31.6113307,-2.672899833,5.208727,0.010524408,0.006059992,0.0008,0.005970326,0.003738118,0.001416244,0,0,7.86970846,5.25357658,0.010417454,0.005208727,0.002604364,0.007813091,0.000521014
8.57,2.58,7.94,28.37,38.08,26.77,18,62,30.2138936,14.5641234,24.8536221,34.781694,2.816267111,7.572968,0.005394629,0.002605624,0.0019,0.003753512,0.002359009,0.002112395,0,0,7.19506929,6.17247212,0.015145937,0.007572968,0.003786484,0.011359452,0.000757508
5.22,6.32,4.02,38.32,49.09,39.69,90,95,2.1989063,15.1174327,21.0735029,33.1297137,11.3404215,1.117077,0.005403374,0.013576664,0.0019,0.005057942,0.009144587,0.004712509,0.52,13.5280851,11.7489818,0.72133732,0.002234154,0.001117077,0.000558539,0.001675616,0.000112179
7.32,4.22,5.44,34.93,41.25,26.91,15,5,1.8233601,5.90089174,25.5667195,43.7549866,-10.18628311,-10.474195,0.005610476,0.00699484,0.0022,0.003011227,0.003703409,0.000411978,0,0,10.1072547,2.33032222,-0.020948389,-0.010474195,-0.005237097,-0.015711292,-0.001047378
8.68,7.92,4.15,55.42,73.17,59.42,66,57,18.1338716,1.45867548,28.6724861,35.0154098,-0.285721,-4.070934,0.016626342,0.019432842,0.0013,0.011765499,0.013168749,0.006904656,1.19,3.74086684,0.58113384,5.97518065,-0.008141868,-0.004070934,-0.002035467,-0.006106401,-0.000406403
8.78,3.57,2.01,42.6,53.83,42.51,67,37,14.7092906,27.5689506,22.9975929,43.0667161,1.326273722,10.140069,0.014947377,0.010822178,0.0012,0.019270576,0.017207977,0.023593776,2.38,15.8487644,8.34325031,1.64409607,0.020280138,0.010140069,0.005070035,0.015210104,0.001016366
6.43,5.63,4.77,48.01,58.26,48.35,19,76,14.0779229,7.02780583,30.8355045,37.7516283,0.622238778,-16.038775,0.012682546,0.012721626,0.0017,0.021096531,0.021116071,0.029510515,0.48,23.5374302,7.56881838,1.67415456,-0.032077549,-0.016038775,-0.008019387,-0.024058162,-0.001600926
5.14,5.12,4.2,39.34,47.74,40.64,67,77,10.8174277,1.27135436,20.217698,35.8721685,4.502635167,-2.578479,0.003049405,0.006858423,0.0017,0.011471963,0.013376472,0.019894522,3.39,9.33222321,2.66268617,2.12807384,-0.005156958,-0.002578479,-0.001289239,-0.003867718,-0.000255858
7.45,2.06,6.39,27.48,31.42,23.07,65,35,9.26338679,21.6213318,22.5326849,35.201921,5.366513,-1.283355,0.005178141,0.002774711,0.0008,0.008177546,0.006975831,0.01117695,1.95,18.2930036,6.31547591,4.91596295,-0.002566709,-0.001283355,-0.000641677,-0.001925032,-0.000127218
7.92,6.1,5.43,42.1,51.74,42.12,49,89,23.6116007,29.3934334,25.5135003,43.9919785,-1.946029833,2.255908,0.012319409,0.01065966,0.0025,0.037608431,0.036778557,0.062897453,3.06,17.7272697,11.2057089,6.0067619,0.004511815,0.002255908,0.001127954,0.003383861,0.00023188
5.68,3.93,6.98,40.01,47.66,35.51,92,19,6.78039424,8.94317439,7.75283497,35.4422138,3.368872556,3.183928,0.009875938,0.006934429,0.0015,0.0061421,0.004671346,0.002408262,0,0,13.9541978,5.15000367,0.006367857,0.003183928,0.001591964,0.004775893,0.000318634
6.03,5.59,5.47,48.65,59.01,47.28,39,37,11.8450163,24.8952573,33.4023765,43.0552174,-6.440134778,13.000000,0.011541268,0.010929543,0.0022,0.020511142,0.02020528,0.029481017,3.28,22.7275903,0.61934996,5.52709072,0.004,0.003,0.002,0.02,0.0003
7.18,4.16,2.18,36.8,50.66,39.93,51,72,11.6469827,29.2050214,1.23370199,29.2552908,0.465476167,-3.292106,0.004272937,0.014378006,0.0008,0.006125742,0.011178276,0.007978546,3.48,8.98076228,9.50128164,3.03505976,-0.006584212,-0.003292106,-0.001646053,-0.004938159,-0.000328413
7.99,4.65,2.2,38.65,48.51,35.96,9,70,14.9576483,12.5868316,28.4007747,37.8953252,2.513820111,5.633560,0.012442946,0.01062662,0.0004,0.006700136,0.005791973,0.000957326,0,0,13.9011234,3.60857046,0.01126712,0.00563356,0.00281678,0.00845034,0.000563452
5.96,3.19,4.99,38.51,50.11,39.12,3,95,25.9418723,17.2537755,28.6592853,31.1667737,4.095653389,-15.427188,0.005788089,0.004950176,0.0016,0.002923299,0.002504342,5.85085E-05,0,0,11.8952134,1.13029624,-0.030854375,-0.015427188,-0.007713594,-0.023140781,-0.001542713
6,5.81,6.79,33.48,38.53,31.96,30,53,24.1043275,28.0757988,30.4361491,34.7894454,-9.202765444,3.535986,0.006764878,0.006875838,0.002,0.003382439,0.003437919,9.65092E-11,0,0,8.22666158,0.0033821,0.007071971,0.003535986,0.001767993,0.005303979,0.000353599
6.9,5.92,7.13,41.21,48.59,41.65,80,59,16.3925054,19.1174008,26.4037878,24.9895624,-5.863354222,2.232746,0.010377166,0.006902003,0.0011,0.005273436,0.003535854,0.000169705,0,0,3.86639798,1.71736885,0.004465493,0.002232746,0.001116373,0.00334912,0.000223292
7.99,7.47,2.84,47.76,56.27,45.22,41,82,22.0665069,28.5001784,19.4100332,36.3338669,4.834827833,0.392541,0.018297587,0.014074079,0.0018,0.009579178,0.007467424,0.000860768,0,0,6.343287,5.99569001,0.000785081,0.000392541,0.00019627,0.000588811,3.93401E-05
6.24,5.06,3.81,43.44,53.77,42.38,16,82,29.1182293,29.1628675,10.7278413,24.1868419,-1.884308056,4.874363,0.013480051,0.007308885,0.0013,0.007654547,0.004568964,0.001829042,0,0,5.01293027,4.69582424,0.009748725,0.004874363,0.002437181,0.007311544,0.000487619
6.05,4.19,7.93,44.28,54.54,47.01,1,92,15.0854988,25.0984715,36.4023384,22.3277138,-5.1563085,-13.198225,0.008274025,0.014388588,0.0028,0.004260904,0.007318186,0.000247784,0,0,7.39828315,2.45182468,-0.026396451,-0.013198225,-0.006599113,-0.019797338,-0.001319798
6.63,3.98,2.23,30.39,42.28,33.75,8,57,27.9950433,10.343879,35.4912058,28.8368365,4.555043056,10.917503,0.009212674,0.00299495,0.0021,0.004834471,0.00172561,0.000456269,0,0,10.4677016,2.22140158,0.021835006,0.010917503,0.005458752,0.016376255,0.001091796
6.9,2.51,5.82,36.87,42.59,34.02,78,11,17.2052608,8.85872892,45.8758126,34.6572014,11.961653,-0.487979,0.004087163,0.00742479,0.0022,0.002707229,0.004376042,0.001327295,0,0,2.43873691,3.90691125,-0.000975958,-0.000487979,-0.00024399,-0.000731969,-4.86652E-05
6.5,5.85,3.48,30.96,39.32,34.36,86,88,20.3625827,3.72090513,34.2069783,27.5431975,-5.731831611,10.864303,0.005690739,0.007774693,0.0027,0.017100934,0.018142911,0.028511128,2.55,16.8766128,11.7006026,5.65690187,0.021728606,0.010864303,0.005432152,0.016296455,0.001089281
7.17,6.21,4.02,44.83,58.47,43.76,100,43,2.7468453,17.3609214,23.6779165,12.1257511,-4.195524722,4.381150,0.008198899,0.019309231,0.0018,0.00416914,0.009724306,0.000139381,0,0,12.2549061,3.91502404,0.008762299,0.00438115,0.002190575,0.006571724,0.000438129
5.38,5.38,6.66,45.39,60.2,43.33,63,71,8.23771523,1.66236589,17.2543502,31.010412,-1.354171722,-7.967807,0.014891054,0.018319513,0.0004,0.016113247,0.017827476,0.01733544,1.43,20.5527528,2.07502288,1.02033628,-0.015935613,-0.007967807,-0.003983903,-0.01195171,-0.000795047
6.74,4.35,2.14,38.64,50.12,38.23,46,87,11.6900552,20.4297057,35.0089405,22.4752586,-2.578974944,2.856691,0.008774382,0.00899508,0.0003,0.011192539,0.011302888,0.013610697,3.77,13.7195372,10.3690597,0.47362933,0.005713383,0.002856691,0.001428346,0.004285037,0.00028703
8.72,3.84,5.98,25.67,33.46,28.66,86,45,16.57175,29.3445107,23.520736,22.5083754,2.144440056,3.978707,0.004554488,0.00419943,0.0027,0.002505337,0.002327808,0.000456186,0,0,11.3633371,2.68708561,0.007957414,0.003978707,0.001989353,0.00596806,0.000397916
5.36,2.05,7.25,21.95,23.52,19.04,27,92,7.24901078,8.85402847,39.4846853,30.7976582,3.802526278,0.808365,0.002485583,0.002352892,0.0029,0.001347104,0.001280758,0.000208624,0,0,12.011649,1.64593537,0.00161673,0.000808365,0.000404182,0.001212547,8.08573E-05
5.19,4.81,8,38.32,46.41,37.52,90,80,2.45112452,4.85386676,21.1423979,31.7972937,-3.595706833,-0.850327,0.010093526,0.008697969,0.0021,0.011690129,0.010992351,0.013286733,3.43,7.71483269,3.24649868,1.80538963,-0.001700654,-0.000850327,-0.000425163,-0.00127549,-8.3704E-05
7.53,4.72,7.21,49.63,62.81,51.94,64,63,22.0616159,12.6406832,40.1868262,25.5439095,-5.464334111,0.641631,0.010086322,0.007408219,0.0026,0.005557256,0.004218204,0.001028189,0,0,5.19058253,3.26943337,0.001283261,0.000641631,0.000320815,0.000962446,6.42659E-05
7.89,7.54,5.95,52.15,64.61,51.26,32,82,11.4728722,10.6660319,48.7417045,30.1019644,2.916489722,-15.399269,0.013475769,0.011096259,0.002,0.007320727,0.006130972,0.001165686,0,0,4.43879947,3.94978413,-0.030798538,-0.015399269,-0.007699635,-0.023098904,-0.00153981
6.6,5.41,6.23,41.37,51.56,41.96,61,73,23.4163789,9.80260968,34.1812577,22.4334416,-12.53287513,9.560782,0.009778096,0.008065351,0.0029,0.004890782,0.00403441,3.46775E-06,0,0,10.2354117,0.21912599,0.019121563,0.009560782,0.004780391,0.014341173,0.000956079
7.06,4.27,4.24,39.68,50.24,37.89,100,7,21.1294954,17.8628197,41.0788558,12.4745871,3.508580167,0.836534,0.011206743,0.006003118,0.0022,0.00561669,0.003014877,2.66366E-05,0,0,1.44158306,1.06854978,0.001673069,0.000836534,0.000418267,0.001254801,8.36561E-05
6.27,2.59,3.96,36.72,45.35,34.61,62,26,4.64994531,14.3196613,27.7506378,34.5964408,-5.717345056,6.460358,0.007068254,0.002241597,0.0021,0.004522507,0.002109179,0.00197676,0,0,9.18173393,4.52233832,0.012920716,0.006460358,0.003230179,0.009690537,0.000646233
6.98,5.08,7.07,38.1,53.32,42.69,11,46,1.38114513,7.76581376,16.8074991,40.9613164,-0.603083167,5.409107,0.00734695,0.006269029,0.0004,0.003696125,0.003157165,4.53007E-05,0,0,8.53646644,1.13125769,0.010818214,0.005409107,0.002704554,0.008113661,0.000540915
7.87,3.39,3.38,31.84,39.05,26.99,63,45,17.9796824,19.6033483,25.6569083,52.945929,-7.184032611,-1.092209,0.005089465,0.007837853,0.0002,0.01883781,0.020212004,0.032586155,1.14,19.3158076,0.8351386,5.45241738,-0.002184417,-0.001092209,-0.000546104,-0.001638313,-0.000105962
5,7.02,7.19,54.14,64.65,50.04,69,5,22.304022,2.61372708,24.5051985,28.9781504,2.500061111,4.002061,0.01466452,0.011025023,0.0013,0.007343803,0.005524055,2.30861E-05,0,0,13.6836015,0.99741665,0.008004122,0.004002061,0.002001031,0.006003092,0.000400208
5.99,5.97,7.29,55.58,64.34,56.75,36,38,15.0801958,3.1453374,26.3374824,26.4627099,1.498159444,8.448775,0.026587634,0.015902415,0.0013,0.013347684,0.008005074,0.000107733,0,0,12.8529002,1.31476025,0.016897551,0.008448775,0.004224388,0.012673163,0.000844888
7,6.37,7.92,48.9,61.81,50.85,78,0,7.33922316,15.2478399,35.0812136,37.2706821,1.820645889,-2.713750,0.021200648,0.018068468,0.0018,0.021554195,0.019988105,0.021907742,1.5,14.7342755,9.04297162,1.80728983,-0.0054275,-0.00271375,-0.001356875,-0.004070625,-0.000269184
7.15,3.96,6.12,32.07,39.83,30.95,10,87,1.02870354,4.28158631,37.029525,9.95843536,-7.678553167,1.633392,0.005509406,0.007225552,0.0018,0.029483832,0.030341905,0.053458258,1.6,21.4324188,6.44505775,2.80819368,0.003266785,0.001633392,0.000816696,0.002450089,0.000168685
5.03,4.52,5.53,38.46,52.3,41.06,13,82,1.14691155,8.94481294,42.8428863,20.9497631,1.644160444,-5.737435,0.008660848,0.011403361,0.0015,0.004597639,0.005968895,0.00053443,0,0,0.07619527,4.48735865,-0.01147487,-0.005737435,-0.002868718,-0.008606153,-0.00057369
6.71,4.83,3.12,33.48,44.15,32,10,25,19.9385042,3.20677543,16.5811084,18.3200798,11.5738875,2.617039,0.009489625,0.005258427,0.0027,0.008604863,0.006489264,0.007720101,3.31,16.0016838,10.9750823,5.83889588,0.005234078,0.002617039,0.001308519,0.003925558,0.000262476
7.93,5.98,4.52,47.21,55.4,43.62,2,56,9.8526699,11.6847865,48.2789669,34.6162548,-0.597688611,4.308892,0.015729317,0.006296028,0.002,0.007977113,0.003260469,0.00022491,0,0,1.52084015,2.31080613,0.008617783,0.004308892,0.002154446,0.006463338,0.000430912
7.42,4.9,3.89,51.42,61.58,46.83,23,58,5.17335871,3.70592968,36.8474746,15.1578986,-3.935470722,3.645663,0.012402045,0.017690357,0.0021,0.006313707,0.008957863,0.000225368,0,0,5.32078233,2.56759699,0.007291327,0.003645663,0.001822832,0.005468495,0.000364589
5.13,4.8,4.12,42.89,47.48,39.26,62,9,5.95198311,2.66193139,17.3669982,44.7004499,-3.319473722,-9.496505,0.007612535,0.002897545,0.0003,0.004507556,0.002150061,0.001402577,0,0,12.7078883,4.94781323,-0.01899301,-0.009496505,-0.004748253,-0.014244758,-0.00094951
7.45,5.97,7.47,35.36,43.11,34.7,91,10,29.8152147,19.232737,31.3997542,20.4580314,2.559094611,-6.980738,0.009896131,0.0082618,0.0004,0.011544846,0.01072768,0.01319356,0.19,17.5430709,6.46285937,4.64975546,-0.013961475,-0.006980738,-0.003490369,-0.010471106,-0.000696754
7.8,4.93,7.89,43.24,53.48,39.74,21,0,3.03891186,5.35596514,35.707265,25.6105516,-3.581227,-6.171171,0.011303481,0.008550952,0.0029,0.011731713,0.010355449,0.012159945,3.19,10.2381941,9.52879085,5.79884081,-0.012342341,-0.006171171,-0.003085585,-0.009256756,-0.000615901
6.66,5.45,6.79,44.44,51.69,40.55,21,4,21.6743343,12.8853712,24.7955304,31.7182272,-10.73115844,-11.013222,0.007891069,0.00540473,0.0013,0.014979126,0.013735957,0.022067183,0.33,10.6110906,5.84197732,5.51512441,-0.022026444,-0.011013222,-0.005506611,-0.016519833,-0.001099115
7.3,3.59,2.97,33.9,36.09,30.28,70,31,25.3468242,1.54337892,37.4139123,32.1014007,2.330681444,5.988074,0.004387905,0.006541816,0.0016,0.009016278,0.010093234,0.013644651,2.86,11.8440702,13.9448848,1.49751589,0.011976148,0.005988074,0.002994037,0.008982111,0.000600172
6.24,5.35,3.77,45.99,59.12,44.54,67,88,11.6764205,6.65419808,24.2981153,29.4379001,1.841872722,1.479956,0.008531475,0.014274218,0.0001,0.004299229,0.007170601,6.69833E-05,0,0,7.96377796,1.33664557,0.002959911,0.001479956,0.000739978,0.002219933,0.000148002
8.59,5.36,3.43,40.57,50.84,38.95,63,49,8.1617789,18.2738248,36.7129357,36.2545634,0.545654333,-0.279370,0.010648881,0.009928605,0.003,0.018036159,0.017676021,0.025423438,1.05,17.751642,13.8625293,2.30757685,-0.00055874,-0.00027937,-0.000139685,-0.000419055,-2.53946E-05
8.84,5.19,5.11,47.67,55.03,48.75,93,38,2.33108175,2.15504309,35.2826284,25.396901,2.947710389,-4.797010,0.012358521,0.008215595,0.003,0.007727647,0.005656184,0.003096774,0,0,11.1999035,5.84215942,-0.00959402,-0.00479701,-0.002398505,-0.007195515,-0.000479391
7.52,5.61,7.87,44.72,54.28,48.44,94,75,6.36725304,29.9396232,31.8785295,33.5319596,-4.119877833,3.555191,0.013934427,0.011566336,0.0019,0.009216699,0.008032653,0.00449897,0.46,5.18414026,6.04758915,4.27805217,0.007110382,0.003555191,0.001777596,0.005332787,0.000355969
7.09,1.77,2.38,18.32,26.46,21.54,47,14,21.9680608,6.96450839,29.732306,33.3019619,-4.454810389,-4.580973,0.002661229,0.002642634,0.0021,0.002719432,0.002710134,0.002777634,0.4,9.65679964,6.20331346,1.11225271,-0.009161946,-0.004580973,-0.002290487,-0.00687146,-0.00045782
7.35,5.01,6.45,33.96,45.7,35.5,53,90,27.020043,24.2992873,47.8327903,29.3573308,-13.68200165,4.977795,0.006809811,0.005949975,0.0022,0.003982392,0.003552474,0.001154973,3.25,1.36100057,3.37799289,0.68792259,0.009955591,0.004977795,0.002488898,0.007466693,0.000497895
8.96,4.08,5.6,29.79,32.23,31,80,14,16.3422735,28.7753741,9.76208276,4.29652401,-2.161831056,-2.141293,0.005140657,0.005818912,0.0003,0.002969504,0.003308631,0.00079835,0,0,10.4769821,3.82562332,-0.004282587,-0.002141293,-0.001070647,-0.00321194,-0.00021405
7.79,7.87,5.52,44.24,51.4,45.83,24,67,6.97931325,25.3647087,38.6856851,32.4639726,0.203489944,-10.036038,0.010207511,0.01494201,0.0005,0.013287526,0.015654775,0.01636754,0.28,20.122654,11.1981183,3.41463919,-0.020072075,-0.010036038,-0.005018019,-0.015054056,-0.001001967
7.01,6.1,6.2,36.56,45.43,41.31,55,44,12.4378147,24.0362377,34.8568428,34.2217836,1.682739889,-4.059028,0.0117158,0.005919072,0.0005,0.011740161,0.008841797,0.011764522,2.77,9.10997485,0.40694135,2.68223774,-0.008118056,-0.004059028,-0.002029514,-0.006088542,-0.000404726
8.07,3.61,7.34,29.18,34.37,30.52,86,69,14.8024272,4.38403309,15.7530624,45.3125899,-9.323299333,11.795957,0.004398634,0.003650107,0.0009,0.002500105,0.002125841,0.000601575,0,0,5.22790347,2.86767613,0.023591913,0.011795957,0.005897978,0.017693935,0.001179656
9,3.51,3.3,30.12,38.95,25.16,80,62,1.39435314,10.9898554,42.1751999,30.3084234,-5.706744333,-9.437391,0.002802803,0.008142834,0.0022,0.011163172,0.013833188,0.019523541,0.01,10.2833137,11.7132466,6.26536963,-0.018874783,-0.009437391,-0.004718696,-0.014156087,-0.000941787
7.07,5.89,6.33,51.69,62.82,49.09,42,98,9.66489958,18.8661083,21.3151846,32.9195597,-2.4347885,-9.706149,0.02409833,0.01573424,0.0026,0.018088666,0.013906621,0.012079002,1.79,15.7482179,2.18688633,2.34596987,-0.019412297,-0.009706149,-0.004853074,-0.014559223,-0.000969407
6.01,6.31,4.71,50.94,62.44,46.9,55,81,17.3338036,27.2866424,23.1771729,27.6354643,7.067982667,-3.128085,0.009484057,0.017019293,0.0015,0.022181428,0.025949046,0.034878799,3.63,17.6792663,5.49027627,6.26753448,-0.006256169,-0.003128085,-0.001564042,-0.004692127,-0.000309321
7.79,6.37,7.75,47.82,64.01,47.59,43,10,26.3618526,30.9964664,12.7625424,20.1330168,1.038409278,-8.688862,0.004904024,0.011282827,0.0001,0.002460093,0.005649494,1.61617E-05,0,0,7.60088929,0.64830465,-0.017377723,-0.008688862,-0.004344431,-0.013033293,-0.000868885
7.96,8.39,4.51,58.23,73.47,60.85,41,22,9.70192499,27.6329329,2.32848296,29.9245593,-9.514743722,-2.469284,0.020579619,0.016658804,0.0014,0.042899587,0.04093918,0.065219556,2.72,20.2402709,5.15056762,4.76858715,-0.004938569,-0.002469284,-0.001234642,-0.003703927,-0.000240406
6.35,7.57,7.63,42.14,54.13,43.16,30,75,5.25888052,29.4488362,33.7480234,33.6964482,-2.175262833,8.408238,0.00604094,0.0059193,0.0016,0.018653774,0.018592955,0.031266609,3.14,18.3040035,2.69849432,0.02320913,0.016816476,0.008408238,0.004204119,0.012612357,0.00084395
5.09,4.87,3.5,34.96,44.13,32.45,99,26,19.4630579,25.4195623,44.0375817,19.5794391,-3.653231333,-4.085658,0.007231466,0.004826605,0.0009,0.005009647,0.003807217,0.002787829,0,0,14.115928,5.41507655,-0.008171316,-0.004085658,-0.002042829,-0.006128487,-0.000408287
5.52,7.45,4.67,49.88,59.05,47.84,65,42,29.4765073,17.6458194,31.2867124,36.157613,6.599005778,0.311429,0.022444425,0.00717078,0.0014,0.011236007,0.003599184,2.75881E-05,0,0,10.151299,1.25884871,0.000622857,0.000311429,0.000155714,0.000467143,3.11456E-05
,,,,,,,,,,,,,,,,,,,,,,,,,,,,
,,,,,,,,,,,,,,,,,,,,,,,,,,,,
,,,,,,,,,,,,,,,,,,,,,,,,,,,,
,,,,,,,,,,,,,,,,,,,,,,,,,,,,
,,,,,,,,,,,,,,,,,,,,,,,,,,,,
,,,,,,,,,,,,,,,,,,,,,,,,,,,,
,,,,,,,,,,,,,,,,,,,,,,,,,,,,
,,,,,,,,,,,,,,,,,,,,,,,,,,,,
,,,,,,,,,,,,,,,,,,,,,,,,,,,,
,,,,,,,,,,,,,,0.039735199,,,,,,,,,,,,,,
,,,,,,,,,,,,,,0.001,,,,,,,,,,,,,,
